http://ww1.sinaimg.cn/large/006HJ39wgy1ff8drcn9kij30dw0opdja.jpg,4
http://ww3.sinaimg.cn/large/006HJ39wgy1ff8e2x6tpfj30dw0ii430.jpg,3
http://ww4.sinaimg.cn/large/006HJ39wgy1fetda7aw3jj30dw0dw0uu.jpg,1
http://ww1.sinaimg.cn/large/006HJ39wgy1ff8dr75sm3j30dw0op419.jpg,4
http://ww2.sinaimg.cn/large/006HJ39wgy1fem02ggtbnj30dw0ihdi7.jpg,1
http://ww3.sinaimg.cn/large/006HJ39wgy1ff0c2yie9oj30dw0dwtbq.jpg,1
http://sinacloud.net/dbmeinv-com/douban-group-img/rouniu/p72689324.jpg,1
http://ww1.sinaimg.cn/large/006HJ39wgy1fes6z7lch8j30dw0iidhk.jpg,2
http://ww4.sinaimg.cn/large/006HJ39wgy1ff0cdgrrx5j30dw0kugqd.jpg,1
http://ww1.sinaimg.cn/large/006HJ39wgy1felzz46e4lj30dw0dwjsh.jpg,3
http://ww3.sinaimg.cn/large/006HJ39wgy1ff8doehl3cj30dw09igmz.jpg,2
http://ww1.sinaimg.cn/large/006HJ39wgy1fetfdldjufj30dw0afq5p.jpg,1
http://ww2.sinaimg.cn/large/006HJ39wgy1ff0ccofjlrj30dw0hw40j.jpg,1
http://ww1.sinaimg.cn/large/006HJ39wgy1felzxngjsgj30dw0ktgoa.jpg,3
http://ww2.sinaimg.cn/large/006HJ39wgy1ff8dqa3ehej30dw0iimzr.jpg,3
http://ww1.sinaimg.cn/large/006HJ39wgy1ff0c2nqyrxj30dw0ii3zt.jpg,2
http://ww1.sinaimg.cn/large/006HJ39wgy1ff0bu61r5fj30dw0ijdj7.jpg,3
http://ww2.sinaimg.cn/large/006HJ39wgy1ff8doswg5gj30dw0gs41v.jpg,1
http://ww1.sinaimg.cn/large/006HJ39wgy1fes6zdhsvgj30dw0iidhk.jpg,2
http://ww1.sinaimg.cn/large/006HJ39wgy1ff0c7rh4zzj30cx0cxabm.jpg,1
http://ww1.sinaimg.cn/large/006HJ39wgy1ff8e4t2wr6j30dw07tab3.jpg,1
http://ww3.sinaimg.cn/large/006HJ39wgy1fem00fviv0j30dw0ii76s.jpg,4
http://ww3.sinaimg.cn/large/006HJ39wgy1ff0c0d2wzcj30dw0iitc7.jpg,1
http://ww1.sinaimg.cn/large/006HJ39wgy1ff8dqcexncj30dw0iidhu.jpg,3
http://ww2.sinaimg.cn/large/006HJ39wgy1fetdakpahdj30dw0iijud.jpg,1
http://ww2.sinaimg.cn/large/006HJ39wgy1ff0bumokwuj30dw0iitax.jpg,3
http://ww3.sinaimg.cn/large/006HJ39wgy1ff0bvkoiyqj30dw0aemyg.jpg,3
http://ww4.sinaimg.cn/large/006HJ39wgy1fes6yjmgemj30dw0iitbm.jpg,3
http://ww1.sinaimg.cn/large/006HJ39wgy1ff0btlgd7zj30dw0afwfx.jpg,2
http://ww3.sinaimg.cn/large/006HJ39wgy1ff8dtut2bjj30dw09qgn0.jpg,2
http://ww2.sinaimg.cn/large/006HJ39wgy1ff0c20abegj30dw0afgpj.jpg,2
http://ww4.sinaimg.cn/large/006HJ39wgy1fes6ua9jnpj30dw0iign3.jpg,3
http://ww2.sinaimg.cn/large/006HJ39wgy1ff0c1lxkxaj30dw0dwq5j.jpg,1
http://ww1.sinaimg.cn/large/006HJ39wgy1ff0c3bx5brj30dw0dwwgg.jpg,1
http://ww3.sinaimg.cn/large/006HJ39wgy1fes6vp8w9wj30dw0ka0uq.jpg,1
http://ww2.sinaimg.cn/large/006HJ39wgy1ff0c7y3rbhj30dw0jl0v9.jpg,3
http://ww2.sinaimg.cn/large/006HJ39wgy1ff0c84oe0vj30dw0opdkj.jpg,3
http://ww1.sinaimg.cn/large/006HJ39wgy1ff0bxjwrrnj30dw0afmy9.jpg,3
http://ww2.sinaimg.cn/large/006HJ39wgy1fetfdm0us1j30dw0ij77h.jpg,1
http://ww2.sinaimg.cn/large/006HJ39wgy1fes6uxxjtmj30dw0lvq6f.jpg,2
http://ww1.sinaimg.cn/large/006HJ39wgy1fetfe5bgynj30dw0dwwg3.jpg,1
http://ww3.sinaimg.cn/large/006HJ39wgy1felzyi2zdtj30dw0dwjua.jpg,1
http://ww2.sinaimg.cn/large/006HJ39wgy1fetfdjvdlej30dw0ii0w3.jpg,1
http://ww3.sinaimg.cn/large/006HJ39wgy1ff0c1md0n3j30dw0iijts.jpg,1
http://ww3.sinaimg.cn/large/006HJ39wgy1ff0byiq31oj30dw0iignn.jpg,1
http://ww1.sinaimg.cn/large/006HJ39wgy1fetfdpwptxj30dw0ghq4w.jpg,3
http://ww3.sinaimg.cn/large/006HJ39wgy1fes77ih7lij30dw0iiact.jpg,1
http://ww3.sinaimg.cn/large/006HJ39wgy1fes73hbfz4j30dw0iiacd.jpg,1
http://ww3.sinaimg.cn/large/006HJ39wgy1fetfelemxmj30cc0go0ty.jpg,3
http://ww3.sinaimg.cn/large/006HJ39wgy1fes71bj0noj30dw0dw416.jpg,3
http://ww3.sinaimg.cn/large/006HJ39wgy1fes707nq7bj308l093jrs.jpg,3
http://ww4.sinaimg.cn/large/006HJ39wgy1fes71c0h5rj30dw0g2gn9.jpg,2
http://ww2.sinaimg.cn/large/006HJ39wgy1ff0caa02i2j30dw0oodj4.jpg,1
http://ww3.sinaimg.cn/large/006HJ39wgy1ff0c0b4f99j30dw0oognv.jpg,3
http://ww1.sinaimg.cn/large/006HJ39wgy1ff8dqsxcmoj30dw0igmz5.jpg,1
http://ww3.sinaimg.cn/large/006HJ39wgy1ff0bvrzhewj30dw0e5mza.jpg,1
http://ww1.sinaimg.cn/large/006HJ39wgy1ff0c2fl7mij30dw0i575j.jpg,2
http://ww1.sinaimg.cn/large/006HJ39wgy1fes7a2utl7j30dw0dvwfm.jpg,1
http://ww4.sinaimg.cn/large/006HJ39wgy1fes6z7cehij30dw0iimyz.jpg,3
http://ww4.sinaimg.cn/large/006HJ39wgy1ff8dv9ma42j30dw0iimyv.jpg,1
http://ww4.sinaimg.cn/large/006HJ39wgy1fes6xw6apyj30dw0oogop.jpg,2
http://ww2.sinaimg.cn/large/006HJ39wgy1ff0byajzgzj30dw0iiwfx.jpg,1
http://ww4.sinaimg.cn/large/006HJ39wgy1fetd8yhkydj30dw0dwjsy.jpg,1
http://ww4.sinaimg.cn/large/006HJ39wgy1ff0cchih03j30dw0ii0vt.jpg,1
http://ww3.sinaimg.cn/large/006HJ39wgy1ff0bzskj5pj30dw07tt9f.jpg,1
http://ww2.sinaimg.cn/large/006HJ39wgy1fetd95jby7j30dw0kutb1.jpg,1
http://ww2.sinaimg.cn/large/006HJ39wgy1fes76n81ayj30dw0qftdl.jpg,2
http://ww1.sinaimg.cn/large/006HJ39wgy1ff0btsxnzbj30dw0pu42p.jpg,1
http://ww3.sinaimg.cn/large/006HJ39wgy1ff0bu90p0hj30dw0iidi1.jpg,3
http://ww4.sinaimg.cn/large/006HJ39wgy1fetd8xs9eij30dw07t764.jpg,1
http://ww4.sinaimg.cn/large/006HJ39wgy1ff8dxkqocxj30dw0ja414.jpg,3
http://ww3.sinaimg.cn/large/006HJ39wgy1ff0bwpq8vbj30dw0kutaz.jpg,2
http://ww4.sinaimg.cn/large/006HJ39wgy1ff8e4mza8jj30dw0ax0u4.jpg,1
http://ww3.sinaimg.cn/large/006HJ39wgy1felzugolndj306w0acglt.jpg,1
http://ww2.sinaimg.cn/large/006HJ39wgy1felzw8rmdsj30dw0afta9.jpg,1
http://ww1.sinaimg.cn/large/006HJ39wgy1ff8dtoc65aj30dw0dwq4k.jpg,3
http://ww1.sinaimg.cn/large/006HJ39wgy1ff0btz9vkzj30dw0ii770.jpg,3
http://ww4.sinaimg.cn/large/006HJ39wgy1fetfejwu1dj30dc0hsq5n.jpg,4
http://ww1.sinaimg.cn/large/006HJ39wgy1fes73nnlr1j30dw0iiwia.jpg,3
http://ww4.sinaimg.cn/large/006HJ39wgy1ff0c8cic03j30dw0jyn1g.jpg,1
http://ww4.sinaimg.cn/large/006HJ39wgy1felzxlxjp3j30dw0eeab9.jpg,1
http://ww4.sinaimg.cn/large/006HJ39wgy1fes70vzq13j30dw0e2mz1.jpg,1
http://ww2.sinaimg.cn/large/006HJ39wgy1fetfea0ensj30dw0ku77a.jpg,3
http://ww3.sinaimg.cn/large/006HJ39wgy1fetfem6mhcj30dw0hk0vf.jpg,2
http://ww2.sinaimg.cn/large/006HJ39wgy1felzums10qj30dw0dw0ug.jpg,2
http://ww2.sinaimg.cn/large/006HJ39wgy1fetd8nrgjnj30dw0iimz8.jpg,1
http://ww3.sinaimg.cn/large/006HJ39wgy1felzvzgwppj30dw0dwgn6.jpg,1
http://ww4.sinaimg.cn/large/006HJ39wgy1ff8dwtuznyj30dw0io0vj.jpg,3
http://ww1.sinaimg.cn/large/006HJ39wgy1ff8dp1983fj30dw0k4tcy.jpg,1
http://ww1.sinaimg.cn/large/006HJ39wgy1ff8dplsjwpj30dw0afmye.jpg,3
http://ww1.sinaimg.cn/large/006HJ39wgy1ff8duakv7yj30dw0dw76p.jpg,3
http://ww4.sinaimg.cn/large/006HJ39wgy1felzx60lbaj30dw0dwwgl.jpg,1
http://ww1.sinaimg.cn/large/006HJ39wgy1fetffj6ib2j30dw0iiadr.jpg,1
http://ww2.sinaimg.cn/large/006HJ39wgy1fes78mk7zoj30dw0iidjb.jpg,2
http://ww4.sinaimg.cn/large/006HJ39wgy1ff8e1baoe7j30dw0hw40j.jpg,2
http://ww2.sinaimg.cn/large/006HJ39wgy1ff8dokpswqj30dw0hgjtr.jpg,2
http://ww1.sinaimg.cn/large/006HJ39wgy1ff0c740q6gj30dw0oon0d.jpg,2
http://ww2.sinaimg.cn/large/006HJ39wgy1ff8e3llk9sj30dw0gfgnm.jpg,1
http://ww1.sinaimg.cn/large/006HJ39wgy1ff0ccornw2j30dw0ks0vh.jpg,5
http://ww1.sinaimg.cn/large/006HJ39wgy1fes6vlq6dsj30dw0oowgx.jpg,1
http://ww4.sinaimg.cn/large/006HJ39wgy1fes6wgw01zj30dw0dw40c.jpg,3
http://ww2.sinaimg.cn/large/006HJ39wgy1felzv1qok0j30dw0dw0un.jpg,1
http://ww3.sinaimg.cn/large/006HJ39wgy1fes70mhaqtj30dw09odgt.jpg,1
http://ww2.sinaimg.cn/large/006HJ39wgy1ff0c4i4uepj30dw0iiad2.jpg,1
http://ww3.sinaimg.cn/large/006HJ39wgy1ff8dxd9bhjj30dw0iiwh4.jpg,2
http://ww2.sinaimg.cn/large/006HJ39wgy1ff0c8o4ggvj30dw0iijtn.jpg,2
http://ww4.sinaimg.cn/large/006HJ39wgy1ff0c1aaebkj30dw0dwjtu.jpg,1
http://ww4.sinaimg.cn/large/006HJ39wgy1ff0c1c46myj30dw0iqmyy.jpg,2
http://ww4.sinaimg.cn/large/006HJ39wgy1ff8dshuy5hj30dw0dwwgf.jpg,2
http://ww4.sinaimg.cn/large/006HJ39wgy1fem026grjzj30dw0ooacv.jpg,3
http://ww3.sinaimg.cn/large/006HJ39wgy1fes72mdlt9j30dw0ii0vs.jpg,2
http://ww1.sinaimg.cn/large/006HJ39wgy1fetfej1xflj30dw0iiwh4.jpg,1
http://ww4.sinaimg.cn/large/006HJ39wgy1ff0c27e7igj30dw0afmyy.jpg,4
http://ww4.sinaimg.cn/large/006HJ39wgy1fetfdqrs2kj30dw0geac1.jpg,3
http://ww1.sinaimg.cn/large/006HJ39wgy1fem052vefxj30dw07tmxz.jpg,1
http://ww2.sinaimg.cn/large/006HJ39wgy1fetd8von0tj30dw0aign7.jpg,4
http://ww3.sinaimg.cn/large/006HJ39wgy1fes73b5gl1j30dw0afq51.jpg,2
http://ww1.sinaimg.cn/large/006HJ39wgy1ff0bwywbijj30dw0n5418.jpg,2
http://ww2.sinaimg.cn/large/006HJ39wgy1ff0bt2yyt8j30dw0oo0w3.jpg,1
http://ww1.sinaimg.cn/large/006HJ39wgy1ff0cc6cqq5j30dw0iuq68.jpg,2
http://ww1.sinaimg.cn/large/006HJ39wgy1ff0cafvkk9j30dw0iiju6.jpg,3
http://ww1.sinaimg.cn/large/006HJ39wgy1ff0btmjd0lj30dw08ct91.jpg,3
http://ww2.sinaimg.cn/large/006HJ39wgy1felzw7moqbj30dw0afab5.jpg,1
http://ww2.sinaimg.cn/large/006HJ39wgy1ff8g4z7kuxj30dw0aft9p.jpg,2
http://ww1.sinaimg.cn/large/006HJ39wgy1felzv0rse1j30dw0afwhf.jpg,1
http://ww4.sinaimg.cn/large/006HJ39wgy1ff8e1avb1xj30dw0h8jtz.jpg,3
http://ww1.sinaimg.cn/large/006HJ39wgy1ff0c4zxfybj30dw0l9tat.jpg,2
http://ww3.sinaimg.cn/large/006HJ39wgy1fes6zd00j5j30dw0aft9m.jpg,3
http://ww3.sinaimg.cn/large/006HJ39wgy1fetfdmn2o8j30dw0iijue.jpg,2
http://ww3.sinaimg.cn/large/006HJ39wgy1fetfeazbvyj30dw0icgod.jpg,4
http://ww4.sinaimg.cn/large/006HJ39wgy1fem0375dq5j30dw0ihac8.jpg,1
http://ww2.sinaimg.cn/large/006HJ39wgy1ff0bu7ul79j30dw0ijjut.jpg,3
http://ww2.sinaimg.cn/large/006HJ39wgy1ff0c73iiwhj30dw0oodkb.jpg,3
http://ww1.sinaimg.cn/large/006HJ39wgy1ff8dzgfyllj30dc0hs76x.jpg,3
http://sinacloud.net/dbmeinv-com/douban-group-img/294735/p72691794.jpg,1
http://ww2.sinaimg.cn/large/006HJ39wgy1fes6x3ex21j30dw0ku410.jpg,1
http://ww2.sinaimg.cn/large/006HJ39wgy1ff0btd8wwuj30dw0iidhw.jpg,1
http://ww1.sinaimg.cn/large/006HJ39wgy1fes7554oqvj30dw0iiacd.jpg,1
http://ww3.sinaimg.cn/large/006HJ39wgy1fes6u9xdkqj30dw0iiq4o.jpg,3
http://ww1.sinaimg.cn/large/006HJ39wgy1ff8dq9n6sbj30dw0op419.jpg,4
http://ww3.sinaimg.cn/large/006HJ39wgy1felzzhhh4fj30dw0cptac.jpg,3
http://ww3.sinaimg.cn/large/006HJ39wgy1ff8doenw5yj30dw0gfq5n.jpg,3
http://ww1.sinaimg.cn/large/006HJ39wgy1fem000n9p6j30dw0dwdgz.jpg,3
http://ww2.sinaimg.cn/large/006HJ39wgy1ff8dom6yrqj30dw0ii786.jpg,1
http://ww1.sinaimg.cn/large/006HJ39wgy1ff0butjqz6j30dw0iiq5c.jpg,3
http://ww4.sinaimg.cn/large/006HJ39wgy1ff0btlxei1j30dw0oodiq.jpg,2
http://ww1.sinaimg.cn/large/006HJ39wgy1felzv87b7tj30dw0oo7aj.jpg,2
http://ww1.sinaimg.cn/large/006HJ39wgy1ff0calmyecj30dw0iimzi.jpg,4
http://ww2.sinaimg.cn/large/006HJ39wgy1ff0bzrhb8gj30dw0oowh8.jpg,3
http://ww1.sinaimg.cn/large/006HJ39wgy1ff8dpew8xnj30dw0aeq4d.jpg,2
http://ww1.sinaimg.cn/large/006HJ39wgy1ff0c8viiifj30dw0a0wfy.jpg,1
http://ww4.sinaimg.cn/large/006HJ39wgy1fetfeo2a0lj30dw0ijgn1.jpg,3
http://ww1.sinaimg.cn/large/006HJ39wgy1ff8dwuus8rj30dw0ootdv.jpg,1
http://ww1.sinaimg.cn/large/006HJ39wgy1ff0c8e8jexj30dw0dwwfn.jpg,1
http://ww4.sinaimg.cn/large/006HJ39wgy1ff8dq1x603j30dw0oo76v.jpg,3
http://ww1.sinaimg.cn/large/006HJ39wgy1ff0c27s6ryj30dw0itmzw.jpg,4
http://ww3.sinaimg.cn/large/006HJ39wgy1ff8dre6tkgj30dw0iiq5k.jpg,4
http://ww1.sinaimg.cn/large/006HJ39wgy1ff0c4cf1naj30dw0afta9.jpg,3
http://ww4.sinaimg.cn/large/006HJ39wgy1fes741wb21j30dw0iidie.jpg,1
http://ww1.sinaimg.cn/large/006HJ39wgy1fetd8jo5mvj30dw0iiwh5.jpg,2
http://ww1.sinaimg.cn/large/006HJ39wgy1fes71cqsbvj30dw0dwaek.jpg,1
http://ww2.sinaimg.cn/large/006HJ39wgy1fem00u0iugj30dw0dwwfl.jpg,1
http://ww3.sinaimg.cn/large/006HJ39wgy1ff8dwk02fbj30dw0dw75s.jpg,2
http://ww3.sinaimg.cn/large/006HJ39wgy1ff8dp0pti8j30dw08qjtm.jpg,1
http://ww3.sinaimg.cn/large/006HJ39wgy1fes78m24qgj30dw0iijtw.jpg,3
http://ww3.sinaimg.cn/large/006HJ39wgy1ff8dqsu4axj30dw0igmzh.jpg,3
http://ww3.sinaimg.cn/large/006HJ39wgy1ff0bugc09cj30dw0ijgnn.jpg,1
http://ww3.sinaimg.cn/large/006HJ39wgy1ff0bzkx6uuj30dw0iimzf.jpg,3
http://ww3.sinaimg.cn/large/006HJ39wgy1fem009mupfj30dw0ihjtz.jpg,1
http://ww4.sinaimg.cn/large/006HJ39wgy1fes6u9i5nrj30dw0hc0ug.jpg,4
http://ww2.sinaimg.cn/large/006HJ39wgy1ff0c1tfir3j30dw0dwdg9.jpg,2
http://ww3.sinaimg.cn/large/006HJ39wgy1ff0bz6bn3yj30dw0oo413.jpg,3
http://ww2.sinaimg.cn/large/006HJ39wgy1ff0btk6j2sj30dw0ii40f.jpg,2
http://ww4.sinaimg.cn/large/006HJ39wgy1ff8dqqiwpoj30dw0igjtw.jpg,1
http://ww1.sinaimg.cn/large/006HJ39wgy1ff8dr66nkdj30dw0opgov.jpg,3
http://ww1.sinaimg.cn/large/006HJ39wgy1ff8dpskm5zj30dw0fz774.jpg,2
http://ww4.sinaimg.cn/large/006HJ39wgy1ff8g4vzel6j30dw0afgn0.jpg,1
http://ww1.sinaimg.cn/large/006HJ39wgy1felzv8iwuaj30dw0dw0ug.jpg,2
http://ww4.sinaimg.cn/large/006HJ39wgy1ff8dyslnh8j30dw0iiq5h.jpg,3
http://ww1.sinaimg.cn/large/006HJ39wgy1ff0c3mskaij30dw0ii76o.jpg,1
http://ww4.sinaimg.cn/large/006HJ39wgy1fetfdniwn4j30dw0ij0wh.jpg,1
http://ww4.sinaimg.cn/large/006HJ39wgy1fes7257g9oj30dw0hojx2.jpg,1
http://ww2.sinaimg.cn/large/006HJ39wgy1ff8doms7cpj30dw0iidhp.jpg,1
http://ww3.sinaimg.cn/large/006HJ39wgy1ff8dqasitrj30dw0iijto.jpg,3
http://ww2.sinaimg.cn/large/006HJ39wgy1fetdc7hfc1j30dw0dwq4i.jpg,2
http://ww4.sinaimg.cn/large/006HJ39wgy1ff0bu7bmndj30dw0ij768.jpg,2
http://ww2.sinaimg.cn/large/006HJ39wgy1fem00177xhj30dw0dwt9n.jpg,1
http://ww3.sinaimg.cn/large/006HJ39wgy1fetfe7ap0nj30dw0dw0ur.jpg,1
http://ww1.sinaimg.cn/large/006HJ39wgy1felzv152goj30dw0dwwgf.jpg,1
http://ww1.sinaimg.cn/large/006HJ39wgy1fes75or1kbj30dw0iimyx.jpg,1
http://ww1.sinaimg.cn/large/006HJ39wgy1fetd9d70i1j30dw0oo0tp.jpg,1
http://ww3.sinaimg.cn/large/006HJ39wgy1ff0bvrhmodj30dw0gagnw.jpg,1
http://ww3.sinaimg.cn/large/006HJ39wgy1fetfeoh5b4j30dw0ijjsw.jpg,3
http://ww3.sinaimg.cn/large/006HJ39wgy1ff0c7jf78fj30dw0iijtr.jpg,1
http://ww2.sinaimg.cn/large/006HJ39wgy1fes78nigu5j30dw0iignl.jpg,3
http://ww3.sinaimg.cn/large/006HJ39wgy1fetfemqnq2j30cc0go0ty.jpg,2
http://ww3.sinaimg.cn/large/006HJ39wgy1ff0bu9izp7j30dw0ij782.jpg,3
http://ww3.sinaimg.cn/large/006HJ39wgy1ff0bxklwrfj30dw0af75b.jpg,2
http://ww2.sinaimg.cn/large/006HJ39wgy1ff0bx4rw3aj30dw0ooju0.jpg,1
http://ww2.sinaimg.cn/large/006HJ39wgy1fetd7qxle5j30dw0iiado.jpg,1
http://ww3.sinaimg.cn/large/006HJ39wgy1fetff8zjcfj30dw0iiwha.jpg,1
http://ww3.sinaimg.cn/large/006HJ39wgy1fes73uc2sjj30dw0op76t.jpg,3
http://ww4.sinaimg.cn/large/006HJ39wgy1felzunnelpj30a90cqmy3.jpg,4
http://ww4.sinaimg.cn/large/006HJ39wgy1ff0bxk9x5zj30dw0aft9r.jpg,1
http://ww1.sinaimg.cn/large/006HJ39wgy1fes76mobfxj30dw0iiwfy.jpg,2
http://ww1.sinaimg.cn/large/006HJ39wgy1fes75c16xkj30de0deab3.jpg,4
http://ww2.sinaimg.cn/large/006HJ39wgy1ff0c3ps4m7j30dw0ihjud.jpg,1
http://ww4.sinaimg.cn/large/006HJ39wgy1ff0bumzq4xj30dw0iiq4t.jpg,3
http://ww2.sinaimg.cn/large/006HJ39wgy1fes6w6scjrj30dw0izq5q.jpg,3
http://ww2.sinaimg.cn/large/006HJ39wgy1ff0bv0wglqj30dw0oidjn.jpg,2
http://ww4.sinaimg.cn/large/006HJ39wgy1fes6vopckgj30dw0oomz7.jpg,1
http://ww4.sinaimg.cn/large/006HJ39wgy1fes6uofh80j30dw0dw0ur.jpg,1
http://ww1.sinaimg.cn/large/006HJ39wgy1ff0c2g64e0j30dw0oqtax.jpg,3
http://ww3.sinaimg.cn/large/006HJ39wgy1fes726kqr1j30dw0gedi7.jpg,1
http://ww2.sinaimg.cn/large/006HJ39wgy1ff0c2xae1gj30dw0ai41n.jpg,1
http://ww2.sinaimg.cn/large/006HJ39wgy1ff0bufx25ij30dw0ij768.jpg,1
http://ww3.sinaimg.cn/large/006HJ39wgy1fetfekzsnuj30dw0czn1o.jpg,4
http://ww3.sinaimg.cn/large/006HJ39wgy1fem02hmarbj30dw0ihdjj.jpg,1
http://ww2.sinaimg.cn/large/006HJ39wgy1fes6xcuzp2j30dw0dw75l.jpg,2
http://ww4.sinaimg.cn/large/006HJ39wgy1fetfepjqr9j30dw0ijgn1.jpg,1
http://ww4.sinaimg.cn/large/006HJ39wgy1fes72mt15sj30dw0iitar.jpg,1
http://ww4.sinaimg.cn/large/006HJ39wgy1fem0098hw1j30dw0igq4d.jpg,3
http://ww3.sinaimg.cn/large/006HJ39wgy1fetfdoozwlj30dw0ghq4w.jpg,3
http://ww1.sinaimg.cn/large/006HJ39wgy1fetfeijb1xj30dw0iiwhq.jpg,2
http://ww4.sinaimg.cn/large/006HJ39wgy1felzvmcmm4j30dw0ddwgh.jpg,1
http://ww1.sinaimg.cn/large/006HJ39wgy1ff0c1dwk6fj30dw0afdgx.jpg,2
http://ww2.sinaimg.cn/large/006HJ39wgy1ff0c8emh7nj30dw0dwtaq.jpg,3
http://ww2.sinaimg.cn/large/006HJ39wgy1ff0c1zh5w9j30dw0iijx9.jpg,3
http://ww3.sinaimg.cn/large/006HJ39wgy1fes74khakfj30dw0dwgnb.jpg,3
http://ww3.sinaimg.cn/large/006HJ39wgy1ff0c6kopjsj30dw0anq3z.jpg,1
http://ww3.sinaimg.cn/large/006HJ39wgy1fem02r1d52j30dw0ewgnx.jpg,4
http://ww2.sinaimg.cn/large/006HJ39wgy1fem02sl54ej30dw0dwtc1.jpg,1
http://ww3.sinaimg.cn/large/006HJ39wgy1ff0c9nra8kj30dw0h7q52.jpg,3
http://ww1.sinaimg.cn/large/006HJ39wgy1ff0btl0upvj30dw0hstb7.jpg,3
http://ww4.sinaimg.cn/large/006HJ39wgy1fes74rfyrgj30dw07qt9a.jpg,2
http://ww2.sinaimg.cn/large/006HJ39wgy1fetfep4kj2j30dw0ijabr.jpg,1
http://ww3.sinaimg.cn/large/006HJ39wgy1fetd81opnrj30dw0dwdif.jpg,1
http://ww4.sinaimg.cn/large/006HJ39wgy1fes6vfduwxj30dw0lywhs.jpg,1
http://ww4.sinaimg.cn/large/006HJ39wgy1fes741ib2gj30ar0goq3w.jpg,4
http://ww4.sinaimg.cn/large/006HJ39wgy1fetfeeat82j30dw0ha404.jpg,1
http://ww1.sinaimg.cn/large/006HJ39wgy1ff8e3tbfz6j30dw0iiq5v.jpg,1
http://ww2.sinaimg.cn/large/006HJ39wgy1felzv8y5ufj30dw0oowhd.jpg,4
http://ww1.sinaimg.cn/large/006HJ39wgy1ff8dol5e94j30dw0afdi3.jpg,1
http://ww2.sinaimg.cn/large/006HJ39wgy1ff0ccfp9jdj30dw0ij0wd.jpg,3
http://ww2.sinaimg.cn/large/006HJ39wgy1fes73i6n0xj30dw0ii74z.jpg,2
http://ww4.sinaimg.cn/large/006HJ39wgy1ff8e58moy9j30dw0ijjuz.jpg,2
http://ww2.sinaimg.cn/large/006HJ39wgy1fetfdkw3c2j30dw0afjte.jpg,1
http://ww1.sinaimg.cn/large/006HJ39wgy1ff0c3b7gdhj30dw0afjt1.jpg,3
http://ww4.sinaimg.cn/large/006HJ39wgy1ff8dv1wrr8j30dw0ii0vw.jpg,2
http://ww1.sinaimg.cn/large/006HJ39wgy1fes6zr858rj30dw0iigo9.jpg,2
http://ww2.sinaimg.cn/large/006HJ39wgy1fes6w0w8gyj30dw0iiq59.jpg,1
http://ww2.sinaimg.cn/large/006HJ39wgy1ff0c2h2uypj309d0bvaay.jpg,2
http://ww3.sinaimg.cn/large/006HJ39wgy1felzxg5pxwj30dw0dw0ug.jpg,2
http://ww1.sinaimg.cn/large/006HJ39wgy1ff0btdnv0jj30dw0dmgn8.jpg,1
http://ww1.sinaimg.cn/large/006HJ39wgy1ff8dqhn558j30dw0ii770.jpg,3
http://ww1.sinaimg.cn/large/006HJ39wgy1ff8dq2xfsij30dw0opdja.jpg,4
http://ww4.sinaimg.cn/large/006HJ39wgy1ff0c3pckdnj30dw0ii411.jpg,3
http://ww3.sinaimg.cn/large/006HJ39wgy1fetd8j0xczj30dw0iijtp.jpg,2
http://ww2.sinaimg.cn/large/006HJ39wgy1ff8e4fckpsj30dw0ivwh2.jpg,1
http://ww1.sinaimg.cn/large/006HJ39wgy1fes6xcbf7ej30dw0omdjb.jpg,1
http://ww3.sinaimg.cn/large/006HJ39wgy1ff0c34mnfuj30dw0oowh5.jpg,1
http://ww3.sinaimg.cn/large/006HJ39wgy1ff8drw6f9pj30dw0opgov.jpg,3
http://ww4.sinaimg.cn/large/006HJ39wgy1ff0bv0fv7rj30dw0oktd7.jpg,2
http://ww2.sinaimg.cn/large/006HJ39wgy1ff8dtv7b7jj30dw0ii0vh.jpg,3
http://ww3.sinaimg.cn/large/006HJ39wgy1ff0c4j8addj30dw0iiwi1.jpg,1
http://ww3.sinaimg.cn/large/006HJ39wgy1fetfeqnal8j30dw0iaadc.jpg,2
http://ww4.sinaimg.cn/large/006HJ39wgy1felzvgpsitj30dw0botar.jpg,2
http://ww4.sinaimg.cn/large/006HJ39wgy1fes6w8y14sj30dw0iiwhi.jpg,1
http://ww2.sinaimg.cn/large/006HJ39wgy1fetfe1lc8wj30dw0ii40x.jpg,1
http://ww4.sinaimg.cn/large/006HJ39wgy1fes755sdtwj30dw0qa41q.jpg,3
http://ww1.sinaimg.cn/large/006HJ39wgy1ff0c1sgxf6j30dw0ktjul.jpg,1
http://ww2.sinaimg.cn/large/006HJ39wgy1ff0bxjj180j30dw0ij403.jpg,2
http://ww3.sinaimg.cn/large/006HJ39wgy1fes6wv4n9qj30dw0eb75v.jpg,1
http://ww2.sinaimg.cn/large/006HJ39wgy1ff8dp1s21pj30dw0f70u1.jpg,1
http://ww4.sinaimg.cn/large/006HJ39wgy1ff0bvqy01jj30dw0ooad1.jpg,1
http://ww1.sinaimg.cn/large/006HJ39wgy1felzuun5bij30dw0dwwg1.jpg,4
http://ww2.sinaimg.cn/large/006HJ39wgy1ff0btzr1wzj30dw0afwfg.jpg,2
http://ww4.sinaimg.cn/large/006HJ39wgy1ff0c8dx07bj30do0leq6y.jpg,1
http://ww1.sinaimg.cn/large/006HJ39wgy1ff0c2ne39hj30dw0dwmyn.jpg,2
http://ww4.sinaimg.cn/large/006HJ39wgy1ff8dswlcvlj30dw0omtch.jpg,3
http://ww1.sinaimg.cn/large/006HJ39wgy1fes70eqll8j30dc0hsdh1.jpg,3
http://ww3.sinaimg.cn/large/006HJ39wgy1fes735ckcxj30dw0gzdhl.jpg,1
http://ww4.sinaimg.cn/large/006HJ39wgy1ff8dotinkqj30dw0ii78w.jpg,1
http://ww4.sinaimg.cn/large/006HJ39wgy1fes76ods74j30dw0iidjt.jpg,3
http://ww4.sinaimg.cn/large/006HJ39wgy1felzypwhh5j30dw0dw75z.jpg,3
http://ww3.sinaimg.cn/large/006HJ39wgy1fes77p69i9j30dw0k5dig.jpg,2
http://ww3.sinaimg.cn/large/006HJ39wgy1ff0bwifwpyj30dw0om0vw.jpg,1
http://ww2.sinaimg.cn/large/006HJ39wgy1ff0c2mzy9cj30dw0af3zv.jpg,4
http://ww1.sinaimg.cn/large/006HJ39wgy1ff8dxa75e1j30dw0iidhi.jpg,2
http://ww1.sinaimg.cn/large/006HJ39wgy1ff8dqiyt1lj30dw0ii0uy.jpg,2
http://ww1.sinaimg.cn/large/006HJ39wgy1ff8dokpdtaj30dw0aft9w.jpg,2
http://ww1.sinaimg.cn/large/006HJ39wgy1ff0bt2gtkgj30dw0oomzq.jpg,1
http://ww4.sinaimg.cn/large/006HJ39wgy1ff8dvy1hi6j30dw0dq3zz.jpg,3
http://ww1.sinaimg.cn/large/006HJ39wgy1ff8dozrvdij30dw0iiju3.jpg,2
http://ww2.sinaimg.cn/large/006HJ39wgy1ff0byjamx1j30dw0iiwg6.jpg,2
http://ww4.sinaimg.cn/large/006HJ39wgy1fetd8y238fj30dw07ttam.jpg,1
http://ww1.sinaimg.cn/large/006HJ39wgy1ff0bvz68r1j30dw0iiwhc.jpg,1
http://ww1.sinaimg.cn/large/006HJ39wgy1ff0bum3j8zj30dw0iimzi.jpg,3
http://ww4.sinaimg.cn/large/006HJ39wgy1ff0byu1ixdj30dw0ii0wi.jpg,1
http://ww3.sinaimg.cn/large/006HJ39wgy1fes77xbqc6j30dw0odq55.jpg,1
http://ww2.sinaimg.cn/large/006HJ39wgy1ff8dp0brhoj30dw0i2go2.jpg,1
http://ww2.sinaimg.cn/large/006HJ39wgy1ff0c0sab42j30dw0iuade.jpg,1
http://ww2.sinaimg.cn/large/006HJ39wgy1ff0c0jivb0j30dw0a3dhw.jpg,1
http://ww2.sinaimg.cn/large/006HJ39wgy1ff0c4ijizuj30dw0iigp7.jpg,1
http://ww2.sinaimg.cn/large/006HJ39wgy1ff0bxdg456j30dw0czgm9.jpg,2
http://ww2.sinaimg.cn/large/006HJ39wgy1ff8dtk76vcj30dw0ii76q.jpg,1
http://ww4.sinaimg.cn/large/006HJ39wgy1ff0bv7uje2j30dw0ihjux.jpg,2
http://ww3.sinaimg.cn/large/006HJ39wgy1ff0bx60m3tj30dw0cnac0.jpg,1
http://ww4.sinaimg.cn/large/006HJ39wgy1fes725tj39j30dw0iitba.jpg,2
http://ww4.sinaimg.cn/large/006HJ39wgy1felzywxuh4j30dw0iugqy.jpg,2
http://ww1.sinaimg.cn/large/006HJ39wgy1ff8drxdeurj30dw0afwfg.jpg,3
http://ww2.sinaimg.cn/large/006HJ39wgy1ff0bzjd7arj30dw0hqwgm.jpg,3
http://ww2.sinaimg.cn/large/006HJ39wgy1fetfdrowpjj30dw0iiq54.jpg,1
http://ww3.sinaimg.cn/large/006HJ39wgy1ff0c028mbij30dw0oowie.jpg,3
http://ww2.sinaimg.cn/large/006HJ39wgy1ff0bvdtreyj30dw0ixafk.jpg,1
http://ww2.sinaimg.cn/large/006HJ39wgy1fetdalcgqnj30dw0afdha.jpg,1
http://ww4.sinaimg.cn/large/006HJ39wgy1fes6w85j7cj30dw0dwjsu.jpg,2
http://ww4.sinaimg.cn/large/006HJ39wgy1fes71jycofj30dc0hsabl.jpg,3
http://ww3.sinaimg.cn/large/006HJ39wgy1ff8dq2m8aej30dw0op0vl.jpg,3
http://ww1.sinaimg.cn/large/006HJ39wgy1ff0bxsjw65j30dw0iidif.jpg,1
http://ww2.sinaimg.cn/large/006HJ39wgy1fetd80nzizj30dw0ooadp.jpg,2
http://ww2.sinaimg.cn/large/006HJ39wgy1ff8dqrwg5yj30dw0igwgs.jpg,3
http://ww1.sinaimg.cn/large/006HJ39wgy1felzwxicf4j30dw0afq5y.jpg,1
http://ww1.sinaimg.cn/large/006HJ39wgy1fes76cvrqij30dw0iimza.jpg,3
http://ww2.sinaimg.cn/large/006HJ39wgy1fes6wo5h3qj30dw0dw0ub.jpg,3
http://ww1.sinaimg.cn/large/006HJ39wgy1ff8e1af0blj30d40fsab3.jpg,3
http://ww3.sinaimg.cn/large/006HJ39wgy1fes6uwj2yfj30dw0dw0vp.jpg,1
http://ww4.sinaimg.cn/large/006HJ39wgy1ff0bte1xkzj30dw0h8ta4.jpg,2
http://ww1.sinaimg.cn/large/006HJ39wgy1ff8e5nlw26j30dw0ijdih.jpg,2
http://ww4.sinaimg.cn/large/006HJ39wgy1fetfdo7q8lj30dw0ijq6f.jpg,1
http://ww4.sinaimg.cn/large/006HJ39wgy1felzxfrn7uj30dw0dwdh7.jpg,4
http://ww1.sinaimg.cn/large/006HJ39wgy1fetd8c6gknj30dw0gutau.jpg,1
http://ww4.sinaimg.cn/large/006HJ39wgy1ff0by9fvcvj30dw0iitby.jpg,1
http://ww1.sinaimg.cn/large/006HJ39wgy1felzx7nwibj30dw0dw0uy.jpg,1
http://ww2.sinaimg.cn/large/006HJ39wgy1fes6wwlo29j30dw0iidie.jpg,3
http://ww1.sinaimg.cn/large/006HJ39wgy1fes6vcnkpgj30dw0budhk.jpg,1
http://ww1.sinaimg.cn/large/006HJ39wgy1ff0bz5wypej30dw0ongne.jpg,2
http://ww4.sinaimg.cn/large/006HJ39wgy1ff0c9tigvdj30dw095jsk.jpg,3
http://ww4.sinaimg.cn/large/006HJ39wgy1fes75vf281j30dw0iigoh.jpg,1
http://ww3.sinaimg.cn/large/006HJ39wgy1fes6xemqbkj30dw0dw3zm.jpg,2
http://ww1.sinaimg.cn/large/006HJ39wgy1fetda88tx2j30dw0fsdi4.jpg,1
http://ww2.sinaimg.cn/large/006HJ39wgy1fes6vo68htj30dw0hygns.jpg,1
http://ww1.sinaimg.cn/large/006HJ39wgy1ff8dq3u7ylj30dw0opgov.jpg,4
http://ww1.sinaimg.cn/large/006HJ39wgy1ff8e140phbj30dw0hw40j.jpg,3
http://ww1.sinaimg.cn/large/006HJ39wgy1ff0c2gkg29j30dw0ii77i.jpg,3
http://ww3.sinaimg.cn/large/006HJ39wgy1ff0by0ek5jj30dw0iiwh5.jpg,2
http://ww4.sinaimg.cn/large/006HJ39wgy1ff0bvelr11j30dw0j3gt8.jpg,1
http://ww3.sinaimg.cn/large/006HJ39wgy1ff8dqjpiigj30dw0du75u.jpg,2
http://ww4.sinaimg.cn/large/006HJ39wgy1ff8e3urwpsj30dw0ff0u8.jpg,3
http://ww2.sinaimg.cn/large/006HJ39wgy1ff0cb3miiej30dw099q3v.jpg,1
http://ww2.sinaimg.cn/large/006HJ39wgy1fetfdrddjwj30dw0geac1.jpg,4
http://ww4.sinaimg.cn/large/006HJ39wgy1fem00w4vqnj30dw0iiq4i.jpg,3
http://ww3.sinaimg.cn/large/006HJ39wgy1ff0c1leqjrj30dw0af0ug.jpg,2
http://ww1.sinaimg.cn/large/006HJ39wgy1ff0bwq4gxcj30dw0iigmt.jpg,1
http://ww4.sinaimg.cn/large/006HJ39wgy1ff8drdd0muj30dw0op0vl.jpg,3
http://ww2.sinaimg.cn/large/006HJ39wgy1ff8dsoel0gj30dw0jlgnk.jpg,1
http://ww4.sinaimg.cn/large/006HJ39wgy1fes75cu0ozj30dw0dwwgs.jpg,2
http://ww2.sinaimg.cn/large/006HJ39wgy1fes6yp9mboj30dw0j0n21.jpg,1
http://ww3.sinaimg.cn/large/006HJ39wgy1ff8dqk7dwcj30dw0ii0v6.jpg,2
http://ww2.sinaimg.cn/large/006HJ39wgy1ff8dqbh6hyj30dw0iitan.jpg,3
http://ww3.sinaimg.cn/large/006HJ39wgy1fes70gbcfpj30dw0iin15.jpg,1
http://ww1.sinaimg.cn/large/006HJ39wgy1fetd8ausibj30dw0dwdia.jpg,1
http://ww4.sinaimg.cn/large/006HJ39wgy1ff0c92d142j30dw0af3zq.jpg,1
http://ww2.sinaimg.cn/large/006HJ39wgy1ff0bvyotrhj30dw0gtwig.jpg,1
http://ww2.sinaimg.cn/large/006HJ39wgy1ff0bts7ajnj30dw0hrgol.jpg,4
http://ww4.sinaimg.cn/large/006HJ39wgy1fes74kd7mwj30dw0ckdgt.jpg,2
http://ww2.sinaimg.cn/large/006HJ39wgy1ff0cawox1cj30dc0hsmy2.jpg,3
http://ww4.sinaimg.cn/large/006HJ39wgy1fes6wi1cjqj30dw0dwq4r.jpg,3
http://ww2.sinaimg.cn/large/006HJ39wgy1fes6w11ye2j30dw0dbdhk.jpg,1
http://ww3.sinaimg.cn/large/006HJ39wgy1fes72mqpj9j30dw0afmzb.jpg,3
http://ww1.sinaimg.cn/large/006HJ39wgy1ff8e47l633j30dw0iitac.jpg,1
http://ww2.sinaimg.cn/large/006HJ39wgy1fetdaednvsj30dw0fzjtd.jpg,1
http://ww3.sinaimg.cn/large/006HJ39wgy1fetdl6joj3j30dw0h7acb.jpg,1
http://ww4.sinaimg.cn/large/006HJ39wgy1ff0c3hrxegj30dw08wwff.jpg,2
http://ww2.sinaimg.cn/large/006HJ39wgy1ff0bzkhm33j30dw0iitbb.jpg,3
http://ww3.sinaimg.cn/large/006HJ39wgy1fetd9cccfzj30dw0di76k.jpg,1
http://ww4.sinaimg.cn/large/006HJ39wgy1fes76nu52kj30dw097t9f.jpg,1
http://ww2.sinaimg.cn/large/006HJ39wgy1ff8dqqb9woj30dw0igq57.jpg,1
http://ww4.sinaimg.cn/large/006HJ39wgy1fes700o1d4j30dw0dwgnf.jpg,1
http://ww1.sinaimg.cn/large/006HJ39wgy1fetd94gu3jj30dw0ih41b.jpg,3
http://ww3.sinaimg.cn/large/006HJ39wgy1fes74krzd5j30dw06o74o.jpg,2
http://ww4.sinaimg.cn/large/006HJ39wgy1ff0c0t7kiyj30dw0fxgny.jpg,1
http://ww2.sinaimg.cn/large/006HJ39wgy1ff8dtmx3erj30dw0dwdjm.jpg,2
http://ww2.sinaimg.cn/large/006HJ39wgy1ff8dpltifnj30dw0ootad.jpg,2
http://ww2.sinaimg.cn/large/006HJ39wgy1fetd887n4qj30dw0deq56.jpg,1
http://ww4.sinaimg.cn/large/006HJ39wgy1fes734rxr1j30dw0fkwgt.jpg,1
http://ww4.sinaimg.cn/large/006HJ39wgy1ff8dom4s59j30dw0afgn0.jpg,1
http://ww1.sinaimg.cn/large/006HJ39wgy1ff8dqihb8aj30dw0hitag.jpg,2
http://ww4.sinaimg.cn/large/006HJ39wgy1ff0bwy7o31j30dw0ixjva.jpg,1
http://ww2.sinaimg.cn/large/006HJ39wgy1ff0bvl40vrj30dw0ista2.jpg,3
http://ww3.sinaimg.cn/large/006HJ39wgy1fetda7rqxhj30dw0esdi6.jpg,2
http://ww3.sinaimg.cn/large/006HJ39wgy1ff0bztjf1xj30dw0iidi0.jpg,3
http://ww2.sinaimg.cn/large/006HJ39wgy1ff0c345zgqj30dw0afjt5.jpg,1
http://ww2.sinaimg.cn/large/006HJ39wgy1fes6xbqbuhj30dw0ii417.jpg,1
http://ww1.sinaimg.cn/large/006HJ39wgy1felzyqthmnj30dw0af0tq.jpg,3
http://ww3.sinaimg.cn/large/006HJ39wgy1fetfedcq0xj30dw0h8q4o.jpg,2
http://ww1.sinaimg.cn/large/006HJ39wgy1fes6w7u3rsj30dw0iidhe.jpg,1
http://ww1.sinaimg.cn/large/006HJ39wgy1ff8e3stcwjj30dw0iltb5.jpg,2
http://ww1.sinaimg.cn/large/006HJ39wgy1ff8dvalz94j30dw0ii75z.jpg,1
http://ww2.sinaimg.cn/large/006HJ39wgy1fetd9lc1kfj30dw0iiwgv.jpg,4
http://ww4.sinaimg.cn/large/006HJ39wgy1fetfelqgvxj30dw0ih77d.jpg,3
